0,1,2,3,4,5,6,7,8,9,10,mean
CGTT,0.01718998587967013,0.009622272417718403,0.01371455862877222,0.012220672205424866,0.009814143941861458,0.008795123640592666,0.010588276120380075,0.021976958288588307,0.010355608109563975,0.017223729773237505,0.01315013290058096
TGGG,0.015185001493189503,0.009763732219151108,0.008652434829654622,0.010332304376802765,0.008863742949142927,0.010479949118248283,0.011439957627575109,0.013272648609125293,0.0073445466684293895,0.018896832350845702,0.01142311502421647
TGG,0.015418622845911318,0.010403065689914361,0.009804954563020132,0.010918364298186956,0.009320160982932072,0.010598170886967587,0.012018547675610645,0.015488447092423455,0.00925025239198242,0.007846310843635811,0.011106689727058475
CTGG,0.012018950734302696,0.010012632156980221,0.00778347635726629,0.00962750574716991,0.00934070625655681,0.012590536946992708,0.008227203773296655,0.014188304349125129,0.007522598334566935,0.015427963400357576,0.010673987805661492
CGCG,0.011105106970318185,0.010125828311432513,0.010724279353818936,0.009967222880539117,0.008745616425468276,0.010219419079747487,0.010621061847556582,0.013313345485225779,0.008110887243736478,0.013304291192818429,0.010623705879066176
CTCA,0.01255688720995737,0.008373666011034724,0.008642111880712048,0.007684753830757852,0.007399630499419327,0.006646948535401742,0.007828640590978292,0.0048444669751492786,0.00877680231189378,0.00865644630340136,0.008141035414870577
GTCA,0.008623531961032566,0.006519800585250036,0.007438587927010321,0.007667748353226046,0.006303450468685011,0.006266238880470151,0.007885987570462275,0.010479657672214905,0.006654644610050722,0.010894246196540192,0.007873389422494223
CGAC,0.008893077434200583,0.006645407069032098,0.01034542083551847,0.0069454246784152645,0.0064388766966802435,0.007119822665241923,0.005908817803316366,0.007429577281434923,0.006291428644533601,0.009951498691809415,0.007596935180018289
TGAG,0.008335535846282124,0.007755934323281153,0.005086422955288286,0.00793575647349817,0.007023037678237505,0.00915600245879625,0.006991584413195017,0.00867684038195994,0.00577854155578697,0.008833258044786936,0.007557291413111235
CTG,0.008269733901592032,0.008804908259793909,0.002634291356246793,0.005748558828212689,0.00531731069540333,0.008104393165838887,0.007572113874548279,0.00782399904702925,0.004934610117320229,0.009999196609311105,0.00692091158552965
ACCT,0.007015575338765095,0.006489931030595839,0.006787434334432796,0.00593336244963359,0.006187696929406843,0.004738551756444195,0.006307746944727977,0.006781498168629948,0.006158110784292042,0.007854970312165905,0.006425487804909423
TGGC,0.005932617413202009,0.007416818108160278,0.005420924653880831,0.006241951948956766,0.0058551099045588955,0.006550866307082253,0.005819592489412917,0.006130367958103407,0.005966282509125763,0.005403593285998204,0.006073812457848132
CCTG,0.006287609651982089,0.005961497868601131,0.0032697893339314046,0.007072290506841934,0.005486447330637215,0.00637767671649873,0.004866841167062544,0.006850153066923193,0.00556631839738041,0.005100799766614864,0.005683942380647351
ATCT,0.006298739930054407,0.005581097680210864,0.0048165984058246005,0.005958472149839871,0.005258832180616034,0.005638919134171264,0.006564492710915522,0.0062676059495931965,0.005097942633371293,0.004755420577173289,0.005623812135177034
AAGG,0.00686916598206158,0.004804890471231745,0.0074631856028371316,0.004608611877939727,0.006584831157457928,0.005801833500526581,0.004206769632571595,0.0046460799487315655,0.006551174143071407,0.004635980103178656,0.005617252241960792
CGTA,0.005673016928435967,0.005449065697558104,0.005891220364065654,0.005460705202062667,0.004010411877474709,0.0057099195836871315,0.005514147577019564,0.0056998578980095044,0.0045683220816921995,0.00780883100258822,0.0055785498212593725
CGTC,0.0074371459259782455,0.005278247416363097,0.0026824530541444094,0.0066833299979669305,0.005155794896825016,0.005947942716934995,0.005669734745169435,0.006332978570329521,0.005677809585817382,0.00478307932964856,0.005564851623917759
CCGT,0.005754160947366004,0.0053648721248978825,0.004363842486167677,0.005505900838771063,0.004982046189550173,0.005418158064182812,0.00488297535742543,0.007878028526328294,0.005211523318632246,0.004677629435342282,0.005403913728866385
TTCG,0.006893340261806509,0.005232300472483672,0.004252808895612097,0.0051803962919114875,0.005340108539210675,0.005513390920894761,0.005433820794422571,0.005651894287383713,0.00575688343258474,0.0033555565580797864,0.005261050045439001
AGCG,0.006083032321947375,0.005101929000747384,0.006770680742698561,0.005117646785549209,0.004579412113003165,0.004799420032797896,0.0048550400892998806,0.004143475646187261,0.004765303702416403,0.005731947071157511,0.005194788750580465
GGGT,0.00491307680474321,0.004806090477885493,0.0045297097506681655,0.004868159063135507,0.0049582402227937895,0.006404649729186522,0.0060969745786217935,0.0041599723202358704,0.005136306520560199,0.006042256308166717,0.005191543577599727
ATCG,0.005621958858987973,0.005041877876303844,0.002844789061835725,0.005375259812375094,0.004702935096565628,0.004645979349587783,0.006017249499200606,0.005295170826082348,0.005101210569261489,0.00552574480796757,0.005017217575816806
ACA,0.004716705747379814,0.005446274056722457,0.004600711509515433,0.005868494625176844,0.00463173099603715,0.00541477589358931,0.005875680958279718,0.004958347935167591,0.0052238283818781895,0.003431733693888079,0.005016828379763459
GCGT,0.005236106706920945,0.004552692712129606,0.007475577887718838,0.0040636308507435515,0.004352413701397264,0.004562413282399124,0.004520356454476211,0.004454636365926436,0.004534902475998936,0.006284016670257105,0.005003674710796802
GCGG,0.004153602366485674,0.00471871586702902,0.0024147404234207987,0.005607797003542775,0.004764659412801391,0.00505595678026223,0.005815159776608448,0.005400044311956899,0.0038936564422712185,0.0074679057843547465,0.00492922381687332
TTTT,0.0048633492648395,0.0034847309488738984,0.008363081344054392,0.005281354672523138,0.003280134671044661,0.004477878557922263,0.004869171734315625,0.0051091717057364745,0.0032345466728461647,0.0057580731975934,0.004872149276974952
CGT,0.006480740411294634,0.004781696606126868,0.003423679266018546,0.004316884371504949,0.005002152284129208,0.00422300586754158,0.005134555024438064,0.005569281109377965,0.004206394700806862,0.005581535737026301,0.004871992537826497
AGGC,0.00649056024811984,0.0037229057507422955,0.0029239535735222032,0.005238874652732119,0.004745458436956289,0.004851849154690316,0.00522184434879685,0.0037938888808018273,0.005423132569357644,0.005432235762362602,0.004784470337808199
GCT,0.0035788782824831655,0.004748223457859758,0.007888515151610282,0.004597803699251261,0.0033342411410885384,0.005532828085281093,0.004340178532474272,0.003925733980220043,0.003238997885933805,0.006029995462401075,0.00472153956786033
GGAT,0.005014759519457997,0.004685984731138329,0.0030392324226385693,0.00497032374463801,0.004807954813843074,0.004694744457324643,0.005173955619544788,0.00489934853494928,0.004755734282176488,0.0041716717391517,0.004621370986486288
GGT,0.004473705517888236,0.004494037578032953,0.005929380886216423,0.004775170313019168,0.004050864885049589,0.0032739665981812507,0.005452337855503726,0.004436894406754998,0.004199347083562428,0.004725854028910947,0.004581155915311971
AGCA,0.0048121234587525106,0.004968840361138074,0.004972960903660925,0.005181760859924437,0.004018581062488571,0.003949368220925533,0.005432188002679305,0.004083115696340293,0.00404369695107272,0.0037327332823215626,0.0045195368799303935
TATA,0.004462378655267093,0.004119103265725847,0.003912211379803427,0.003690798830634612,0.0039030159209727227,0.00384497585931691,0.004607835319694384,0.007710023770311341,0.003270622529605215,0.005203258385981213,0.004472422391731277
ACGT,0.004289528814278311,0.00451618827100213,0.004973759595986691,0.0043817408287348215,0.0036253819191332287,0.004528468123657237,0.004671574093744637,0.005384142336436554,0.004059167379907352,0.003658079894414749,0.004408803125729571
CACA,0.004096861802804823,0.004322126154580073,0.003946420011835087,0.004565405718254517,0.003479031973221114,0.0043646887559213275,0.003952778428645081,0.0056379523287397055,0.003713969112686046,0.005385979338069529,0.004346521362475731
GCGA,0.004232124902013489,0.005087187256374639,0.004185862728718818,0.0035114047991555413,0.0048140084269213,0.0052002498847690485,0.004565275008056225,0.0032220874824054288,0.004416699623961592,0.003952733929543721,0.00431876340419198
GCGC,0.00439618390371605,0.0034396442471183136,0.006585150404375769,0.0035723680014746674,0.0037670895399546803,0.003690336005148999,0.004058012785407264,0.005632176537257305,0.004303430048466211,0.003687814409067157,0.004313220588198641
AAAC,0.004358069314919079,0.004114045428075089,0.002592317144507535,0.00530443045931102,0.0043329852020425495,0.004763665637695646,0.005154022053946753,0.005285593031898607,0.0030548119922572154,0.003830728917394613,0.004279066918204811
TCGT,0.0051562396160904425,0.004441896662770868,0.004645575986385111,0.0041323130355911996,0.004219435351103767,0.0037328025044267962,0.004110360677766757,0.004195087962795683,0.0038045502230271925,0.003956767296400747,0.004239502931635856
TCGG,0.004495858891207631,0.0043037198967465,0.00396477645092199,0.0043084977834242175,0.004105464030603115,0.004244284058227302,0.005285668132026215,0.0033128036675661417,0.004436246589747689,0.0037986920211207963,0.00422560115215916
CGA,0.004451816018527423,0.004573872475903605,0.00337373554242786,0.00496794125325121,0.004526418070647123,0.004037687044926938,0.004766104515557118,0.0038110707751870952,0.003970362115301993,0.0034794963944344754,0.004195850420616485
TCG,0.003733151655738325,0.005076043376066143,0.005857202956261944,0.004430443806579737,0.004065155421878068,0.004177511289696132,0.003880871648973411,0.002913919769080938,0.003199906260331406,0.004400467562223383,0.004173467374682949
TCTG,0.004131550601190253,0.0037199803034608315,0.004591196614148186,0.003854602213406427,0.0037252806672161804,0.003693464666404895,0.003956227300791509,0.004450042011751963,0.0036261920597489843,0.005846582061020842,0.004159511849914007
ACAG,0.0045715207869977785,0.004640836265075639,0.0035111939630878054,0.004428488503815682,0.00506165754600033,0.004280815974656875,0.0033632205561168692,0.002765880039107409,0.004218223564809307,0.004429358813043613,0.00412711960127113
AAAA,0.00400339007611132,0.004721394852259686,0.0025030921327440785,0.0030943195730006017,0.0035368405597859666,0.0039142537972291025,0.004607332223513661,0.0036941188477829477,0.00403720220018049,0.007137386689120151,0.004124933095172801
TAGT,0.004706505729702513,0.004034634965095477,0.003344217565925478,0.004020295186665421,0.0038799946759768317,0.004240205878752954,0.004895421733549049,0.004857037445682298,0.003598885228919538,0.003565674907846795,0.004114287331811636
GTAA,0.005760596786161687,0.004721574797668052,0.002635395906386169,0.0043535243010329175,0.004125891435798814,0.0036589743976274455,0.0032020200275951743,0.005082114161761077,0.004205648300313485,0.003354622515615523,0.004110036262996035
GTTC,0.005331131196513022,0.00336896565619125,0.004746038256292013,0.004406423787279196,0.00420138014859326,0.0031674933125995105,0.0035140241248654077,0.004068624138573737,0.00438039709553544,0.003778052184174993,0.0040962529900617824
AACG,0.0046864426818697845,0.0033180941748657414,0.0031858753645400183,0.004172714214450005,0.0034239201436609404,0.004246123660215082,0.003927893043095817,0.004376013491929878,0.0034408711881336856,0.00533824243603135,0.00401161903987923
CTAG,0.004552666335933325,0.003626575728244824,0.0038070978187112817,0.004407811364965714,0.0035982590331360364,0.003931741388443367,0.0037287905066306242,0.004164884476573027,0.004355232591618351,0.0038514476248245073,0.004002450686908106
CAAC,0.005359394338484634,0.0037292720469777807,0.003985362576623174,0.0029677116219096484,0.0037750542206302254,0.0038846831754888356,0.003551614218081163,0.005186829244795906,0.003873299146997146,0.0035678258321303062,0.003988104642211882
AGTG,0.003699892270185886,0.004088331225878787,0.0054724214000497875,0.0030823678403019673,0.004035790256424937,0.003682770573238035,0.0032179994703755246,0.00487599252471062,0.0039713845201139195,0.003678825185391861,0.003980577526667132
GTGT,0.00371185541409981,0.0039969331802720024,0.006160793761034883,0.0037989746701051646,0.0033468737957841202,0.0031737202284080604,0.003890907720654967,0.004105723588296314,0.0037778920029445193,0.003058671483024254,0.003902234584462409
ATAC,0.003844159406128125,0.003479778446794067,0.0027121645090929696,0.0038527956583104864,0.0036809951576239784,0.00341196297383294,0.0054207693604979,0.003938640987261304,0.003494487864170044,0.004969714404978404,0.0038805468768690217
AACC,0.004454513371574176,0.003157468119324986,0.0030162494552298026,0.0031628183757295763,0.004371580625309289,0.003358426664795353,0.004010609828765608,0.005406135061365714,0.0034113549714420307,0.004299487179652636,0.0038648643653189175
ACAT,0.0034818287038093157,0.005007835284931662,0.00354429722129989,0.0032196798131371176,0.004011632325537403,0.003963935818170181,0.004158945098202816,0.003593410260779391,0.003401229122169078,0.00408646747087288,0.0038469261118909736
TACG,0.003649227191563125,0.004097373025902375,0.003236251865849333,0.003740121623253517,0.0034042320342044475,0.004548484338918237,0.003939109916882035,0.00435452564995723,0.003793950259199125,0.0036577133911783752,0.00384209892969078
GTAT,0.003083966410933869,0.003891428801894593,0.005453773136925722,0.004965392192845688,0.0029056054210911354,0.0041396130435959735,0.0034178941119819943,0.001888508537407426,0.004046206144832565,0.00448744983777066,0.0038279837639279626
TTAA,0.003469089464043489,0.0033639307550463026,0.0031392927888857806,0.0038226945101225433,0.003238618103680419,0.004822192840487574,0.004188195003679329,0.00371589477601564,0.0035759653562675723,0.0048329818569064625,0.003816885545513512
CGAT,0.004228986729642404,0.003669391268313167,0.003510333721979968,0.003132180277120197,0.0037453857224657525,0.0036106734949425917,0.0033200693383244194,0.0043264314077453275,0.00338006430859305,0.004732845319578086,0.003765636158870496
CCTA,0.003810951025253358,0.003616107707659792,0.0041017795340479585,0.0032719785972731624,0.0032999298809017765,0.0045681986099870425,0.003686909536111322,0.0029684995345586407,0.00410281758894743,0.0042081416446964484,0.0037635313659436925
TTGG,0.00393675985289491,0.0037023444459477303,0.0033737569169014422,0.004151470802237142,0.0034179914311541965,0.0038468727288650446,0.003250755743383498,0.0038284705815218676,0.004071685725272065,0.003928257534496087,0.003750836576267398
TTCC,0.00349262159282892,0.0034843822484501978,0.0037181393337241686,0.0030805826832946493,0.0037129154989140553,0.003112493564980241,0.004194745588567267,0.006342457400298221,0.003292390235733229,0.0030560643814181833,0.0037486792528209135
TAAC,0.002846078549416066,0.004052396651010796,0.0032778632379890024,0.0033953709837727616,0.004492211912016979,0.0035592455291780104,0.003944925449544224,0.004435157152333359,0.003563082120125773,0.0037870520831862924,0.003735338366857326
GTAG,0.003966079445522121,0.00394409379908734,0.0031481977288158047,0.003055964301280058,0.0034163310675390185,0.004386173991952128,0.004324480339646011,0.0039326481579565475,0.0035721633195122974,0.0035965444509862784,0.00373426766022976
TGCG,0.004055369109808964,0.0029212546646088695,0.006583351149769253,0.003313339423211323,0.003926702453340247,0.003756906924907182,0.0031055634823978933,0.002915485134890859,0.00345609622586497,0.0033035521303310016,0.003733762069913057
GTTT,0.003815235663277953,0.004169798878202451,0.0034008472480337925,0.004445716625872736,0.0032910285538145993,0.003229859816794076,0.003895611171978486,0.0036490990467730956,0.003447957642250213,0.003952733231942168,0.003729788787893957
GGCT,0.003775713459295856,0.0030453223319068233,0.0023235537876778543,0.003971853303440139,0.003644489196687141,0.004946963421670958,0.0041364364507358795,0.0037697579451658695,0.00399620494551957,0.0036694673364244426,0.003727976217852453
ATAT,0.002855904629094777,0.004813443029392444,0.003912789539821414,0.003788602639369279,0.0029117612093603547,0.004399548898573526,0.004101810696058108,0.0023053918294081745,0.003744872782254939,0.004355510685585474,0.0037189635938918485
GACA,0.0038559755495886773,0.0036150896341659595,0.0032204385908597252,0.002912751534502164,0.003726097718215923,0.0041494910129458214,0.00504786543000838,0.0029167586255259594,0.0035488961998858762,0.004165937148305671,0.0037159301444004158
TCGC,0.0038591815960457476,0.004012894693925538,0.0021174357380983164,0.0030267345675645593,0.004233197162772948,0.004374157098414678,0.0041116530370968385,0.004369135340082819,0.0036941172515771075,0.0029699710639460855,0.0036768477549524643
AACA,0.003037991473334759,0.003910528916316992,0.005838410192508857,0.003293789715235522,0.003901877256142624,0.004544939539956816,0.003390885738555191,0.002090296119558828,0.0040563460010535875,0.00240007534154777,0.003646514029421095
ATTC,0.0040858429384782015,0.003665794788991673,0.0034840219430405006,0.0032931692195884766,0.0034310443573052018,0.0037087243081194445,0.002531934296039356,0.004284719644128698,0.0035211882322221362,0.004343471068811326,0.003634991079672501
TCCG,0.003179793118983989,0.004400523677313795,0.003821154545888106,0.004348951643009867,0.0028340698997457022,0.003389075854432225,0.003763791172794103,0.0030214818634745145,0.004267106781244659,0.003264759885243858,0.003629070844213082
CGAG,0.003098924222079961,0.0032961576867258945,0.0047345747725778525,0.004036549540943295,0.003804673178357974,0.003194901185625534,0.003871497459751422,0.003157475516044162,0.0038089229844412353,0.0032654940176209224,0.003626917056416825
GGGA,0.004053082421462689,0.004542262487939872,0.0024968902375437077,0.003798510169841468,0.003994327728571721,0.003707263370411373,0.003677175612337892,0.0029736583133680877,0.0035771416224062154,0.0034319589758483636,0.00362522709397314
CGAA,0.003475827098543445,0.004029929232547156,0.0031585804450923543,0.00336713832979561,0.003761806496396589,0.003497553053233274,0.003544035032576728,0.003276411689703962,0.003584189528829761,0.004319593476868979,0.0036015064383587854
ATCC,0.0036938179064488048,0.003468896442443458,0.004486412629713759,0.0034451935380652612,0.0029679896401957192,0.00456200586871826,0.0030785088046774117,0.003951742431360204,0.003254307232598363,0.0030418182221122517,0.0035950692716333493
CACT,0.0035751070644327396,0.004078109727291788,0.003933870290530728,0.003904878861417232,0.0030040825993571762,0.0029921725685337825,0.0025415431213773047,0.003387830080434026,0.0038520822166937248,0.004443142431514974,0.003571281896158347
CAGG,0.003554866666188889,0.0036691950958290826,0.002061711324145358,0.003989264652820069,0.004588361257732046,0.0038282963714568598,0.0034710168292870535,0.002346791781187207,0.0044432098953517685,0.0032489744847420785,0.0035201688358740416
GTGA,0.003883028664585804,0.0046491681628547535,0.0033671110218642508,0.0036685209339610675,0.0034354880379067454,0.002574857756503923,0.002969053901705921,0.0035049100799711863,0.003699690162266054,0.0034492656758061987,0.00352010943974259
TTGT,0.0037932094356908936,0.003564031132303617,0.0024693250736253255,0.005166802677996975,0.0029917515367980105,0.0037212710603798087,0.003269338624957998,0.003250762647350151,0.003189945631900539,0.0037241663931030858,0.0035140604214106406
TTTA,0.002709619831848648,0.004511937646845087,0.002086410271423672,0.0036212187562480107,0.0033340574239553505,0.003992090692830622,0.0037714149577502665,0.003021882780964294,0.0025381945958934523,0.0053979093811536765,0.003498473633891308
GCG,0.0040475782939070545,0.00377029440631114,0.0019594821685577357,0.003626501801167018,0.0035701071041452184,0.004296609480494386,0.003464136718650083,0.0026289816112960067,0.00396810110455687,0.003580766016611971,0.003491255870569748
GCAA,0.0025507441532011434,0.0031729578155485615,0.0039011604174057995,0.0030285193188931575,0.002850804475031953,0.0027640452468207714,0.004672301042092842,0.006081669268606796,0.0031877272205588078,0.0026514303941695063,0.003486135935232933
CCT,0.0032063415941979093,0.0035444226640179402,0.002835287325410746,0.0036743271572819433,0.0030454989041336436,0.004019373181666706,0.0042337316403290755,0.003152395026072544,0.0036078996705631783,0.0032037629288764083,0.003452304009255009
ACGA,0.004174218573442677,0.003845072756450633,0.002853017710798463,0.0027658803392857467,0.00366664883055209,0.0035787299188184928,0.0033962628869694507,0.002954362548025495,0.004155662762817211,0.003097940193314198,0.0034487796520474455
GCCT,0.0034339085777350693,0.004271104035781929,0.002225782702742802,0.0038402122859714513,0.002620697938108936,0.004238668104935416,0.0034936654180980917,0.004554886506786079,0.00415299601358904,0.0012300919450701382,0.003406201352881895
AGAC,0.003670546276155407,0.0025224453412901293,0.002900775065784685,0.0032383581496654955,0.003632227111421881,0.0038514515116466045,0.0029539985408385955,0.004131472730369093,0.003648380567108811,0.003355491626161784,0.003390514692044248
GCA,0.0036476093395833883,0.002706164301960836,0.002696829060177266,0.0035141394265071286,0.003385604805318254,0.0033294845588003113,0.003846616595316306,0.004474095215866349,0.003251739880196331,0.0029156174781041115,0.003376790066183029
CAGA,0.0028525873547832355,0.0026607440075097225,0.002557738455126127,0.004010667267157398,0.0037265666930672917,0.0037059692443540963,0.00336614372241553,0.004801104516213711,0.0032366006547228893,0.0028159660544107945,0.003373408796976079
CTAC,0.0038686967414908718,0.0036068440100853237,0.004939008149294707,0.0035287231173036673,0.0038190727007448152,0.0024359724175145236,0.0030612591992524325,0.002289705773430573,0.003407760066819427,0.0027585422874069464,0.0033715584463343295
CATC,0.002958868803159453,0.002780264599154743,0.00255207145467036,0.003352506181495361,0.003178846310838352,0.0025486570266789995,0.0031456961467578332,0.0057499204869036835,0.0032649580415026716,0.004071127472727549,0.0033602916523889003
GGG,0.003102220969958552,0.004201707657835353,0.0020506719200271972,0.003882530629074035,0.003132900992170607,0.0038587049586026037,0.002701169037239385,0.0025608747987121696,0.0030991753313824844,0.004998452437863981,0.0033588408732866367
CGGT,0.003701710919332991,0.0030770074315689946,0.003517196132678825,0.0033300287287694563,0.0036929960084276722,0.0038660848330826767,0.003254391765919188,0.002313642684167223,0.0036851022710719895,0.0029712911130858654,0.0033409451888104886
CTA,0.0026043266062931772,0.0029589064022465623,0.006487259145662083,0.0029876062705059786,0.002816489471299692,0.0028384595284046436,0.0026157885591715723,0.003501893057545438,0.003243609276363514,0.0031713582529055966,0.0033225696570398254
CGCA,0.0022040702078853142,0.0034695693496387607,0.0041313150732856605,0.002876401423170227,0.0035275646249346144,0.0034659538093138272,0.0032687026804423913,0.004019413835397957,0.0028229692231982626,0.00335313448946202,0.0033139094716729033
GGGC,0.00366876367557491,0.003946936099390543,0.003144355547069538,0.004209235624376973,0.0029533373564182685,0.0033143406284734333,0.0034439741163960623,0.0023445506578296375,0.003322527081287181,0.0026791318276957613,0.003302715261451231
GGTG,0.0027092328431453628,0.0032020945549388617,0.0025798835454435708,0.0033250054828307834,0.0038716149923146586,0.004482021763582463,0.0030264228013706213,0.003533282382526855,0.0035065726213517985,0.0027406806292605695,0.003297681161676555
GAGT,0.002455668041157937,0.003719043947174754,0.00215585915124784,0.0035676192741500024,0.0038438166798290788,0.003389938620036748,0.002930575805922149,0.004789726991357247,0.0031420936614844595,0.0029267535402488316,0.0032921095712609046
CTTA,0.0031675575969310906,0.0030275872765597807,0.00468381427739986,0.0030160313367062195,0.0029599431921708583,0.003256639484972288,0.00258087011250671,0.003851613903224505,0.003577956458465006,0.0027019680975413065,0.0032823981736477626
GCTG,0.002946743243402484,0.0041610720252692615,0.0013200832892147282,0.0035254222190380102,0.003534613151656084,0.0029128459769470526,0.0030771791631346176,0.0033697738941567347,0.0033137756617873373,0.004434212004316142,0.003259572062892245
GTCG,0.003814940119002251,0.003876708901098062,0.0027208922504605177,0.003420435406436226,0.0033556760041580885,0.0033864015020236486,0.0032119855464763578,0.0027671869033147546,0.0034841735401183404,0.002495660976688397,0.003253406114977664
TATT,0.00301284953495307,0.0031236813848789695,0.001407356311117932,0.0038431079690329226,0.003179540030401032,0.0033537518273681344,0.004071130974178441,0.003155002333792407,0.0031881100442459967,0.004172715782843822,0.003250724619281273
CTGC,0.0024147300340553045,0.0035802097474567905,0.00466686177126947,0.00297081504270242,0.00301593746300611,0.003328734474553992,0.002854448738027086,0.0022787223091500393,0.002592346164310668,0.004737650771010438,0.0032440456515542317
ACAA,0.002897761381663741,0.003138354838153444,0.002790391179287916,0.0037914261760468434,0.0030017765367140914,0.003577989839194352,0.0029809436583554455,0.003375083506941378,0.002996773906934187,0.0038090548262886235,0.003235955584958003
CAAA,0.0024833485195060647,0.002778034517732064,0.0037363691423571285,0.0025802933493877713,0.0029158603702596738,0.002743716253978529,0.0031268775377856104,0.004631178824717843,0.0032391076521938768,0.003824924020526749,0.003205971018844531
ACCG,0.003089272561926027,0.0025675655901550546,0.005672447793790537,0.003216902913433946,0.0032432123610832853,0.0023402746427327557,0.003706272680860403,0.0031871312997704964,0.0027162967003367513,0.0022020740591827286,0.0031941450603271983
CAGT,0.003787417663956263,0.0026583622305119234,0.0033826334171081426,0.0028616845203749907,0.0031312092927130806,0.0035262235524750924,0.002806149622763579,0.0031795825236490527,0.003552295466785929,0.0030364002810563165,0.003192195857139437
CCG,0.002498727287599194,0.0027566557350841643,0.0048406192345424835,0.0029546842530497456,0.0037246691715881407,0.002728029968654642,0.0029916130754867073,0.00357848550929192,0.0031460944601112723,0.002675134703388703,0.0031894713398796974
TGTT,0.001642114987812271,0.0026701710164543893,0.004269103157298467,0.003846076142339004,0.002814439155631603,0.0032257163281999295,0.003374321943337169,0.0037959320617365015,0.003090705896937726,0.003162755058185856,0.0031891335747932918
TGGT,0.0030877300648716453,0.0027749840566397045,0.003061554812789916,0.0032957859603438616,0.0033155422365336506,0.0025947305065597516,0.0034554709319831686,0.003740390320748325,0.0034201244251104517,0.0030700683245242577,0.0031816381640104733
ACGC,0.003672848827951671,0.004119506835652928,0.0020022343687968974,0.0028380209172795224,0.002924064425137878,0.0032804351191788065,0.0036376158668467323,0.0033711174747497476,0.0028284440894312105,0.002736058363393108,0.00314103462884185
TGAC,0.003229186678288193,0.002846754523385891,0.004450649682223326,0.0028222088938945336,0.0029249219962662154,0.0027139005124933255,0.003023558101168775,0.004067749940322275,0.0025492459551447557,0.0027514927809178806,0.0031379669064105172
GGTT,0.003229054784040444,0.002096394327939215,0.0034170286461377973,0.003201081954457135,0.002672770886460053,0.002773682667003167,0.0034618440740923264,0.003339742182154429,0.0030629088206624347,0.003964906121673477,0.0031219414464620475
AAC,0.003701745438662028,0.0038312575163924984,0.0013524286635387135,0.0030245982269914715,0.0030037349849213824,0.0031467349509607147,0.003091858932285843,0.00481119193935281,0.003017307776815929,0.002091316449627599,0.0031072174879548985
ACAC,0.003428008648194399,0.0030595883960929933,0.0024745197486396573,0.0029742356241314483,0.003401110844689026,0.0033407488604857106,0.002957903003132485,0.0036287055835730196,0.002530592006560071,0.0032341360342064526,0.003102954874970526
TCTA,0.0030329760986482837,0.002854703408040054,0.004318555516346024,0.003383053117304227,0.0029814238679461004,0.0030221654152572373,0.0028225879705014245,0.002353577495431307,0.00315301683998351,0.003044720585246609,0.003096678031470478
CGC,0.003122758024537041,0.0030530485596241626,0.003914361845424735,0.00323179936433197,0.0034047135998683245,0.002752353500452666,0.003270700876503705,0.0010449289207338634,0.003283230176927388,0.003808509974386043,0.0030886404842789894
CTTG,0.0030026843478416533,0.0031823959483239213,0.0018178924039389706,0.0035274318316545787,0.0025392665443030693,0.002845598203669178,0.0025846983892087606,0.004456229775666217,0.0029080934124549643,0.0038594076072313408,0.0030723698464292654
CGGC,0.002547123800552626,0.003216673596053757,0.0017048255790058902,0.0029366243744067596,0.0033373226088472168,0.003255706615889967,0.003642730833461103,0.0031939018148883585,0.0032815626112459783,0.003576727271532833,0.003069319910588449
TGTA,0.0034797949134410073,0.004476870188285413,0.0011246328009727703,0.0031937328119176775,0.0031429169910301303,0.0036786184836564554,0.0036765300806676274,0.0018256882769767105,0.0033277790317229267,0.002671360577108151,0.0030597924155778868
AAA,0.0031459607072409725,0.003446263167880836,0.003015105911353518,0.0038750062367900765,0.0028593536448141797,0.0037438649985684575,0.003460790313411553,0.00303549587782612,0.0024202763346404,0.001371006638070407,0.003037312383059652
TCAG,0.002909280628590985,0.0030261570421309322,0.0031112266303252307,0.002682148332447927,0.00282925481052111,0.00302578340704359,0.0028411142350052957,0.002442893563827036,0.0033186918570321387,0.004088318421422405,0.003027486892834665
GGTC,0.0031201639182999565,0.003110389149671063,0.0026729170807882193,0.00361393900217243,0.0042337518400164835,0.0027873321037925236,0.002968773169310302,0.0022388484198132136,0.0028746498665397292,0.002545569963353394,0.0030166334513757314
TGGA,0.003598239069053538,0.0029753775065965685,0.00396409568747427,0.002865101465233442,0.0025126096611291053,0.0029920211065563875,0.00212635401929717,0.002866886526792223,0.0030329366019287668,0.0031816376865029528,0.003011525933056443
GACT,0.002645973902974285,0.0034378830104677014,0.004028783567174469,0.002593969899992519,0.0027157023320395737,0.0026713459240522027,0.0031166970228300615,0.0023797089900565384,0.0027219875865214928,0.0037756299697559235,0.003008768220586477
CCGG,0.0016741868068460165,0.0036483674797889313,0.002570899000156293,0.002764297042838228,0.0033438938479094823,0.002941116578556858,0.0037115888014251698,0.0035792042168753197,0.0034798716440119937,0.002368346874451172,0.0030081772292859465
ATGG,0.003107776539133181,0.00271456086054359,0.0027899799048067436,0.002788294067565632,0.0029896881595192566,0.002764775169143003,0.0031115986967087646,0.002734810295906301,0.0030856259156686193,0.00392063479791357,0.003000774440690866
CTCG,0.002523513839576085,0.0027081068175650327,0.0028462357185046853,0.0028530875158173084,0.003332990170653196,0.003226493019786065,0.0036910405723414976,0.00355189107842311,0.0026162475059837214,0.002655836456144987,0.003000544269479569
TGTG,0.003196004455630234,0.0028599508502897882,0.004454130732238829,0.0022314996552729766,0.0030891230015662368,0.0025673520406350224,0.0027462376333845183,0.002240603373255221,0.0034506461573586274,0.0031638799595548025,0.0029999427859186256
GGCA,0.0031824512119059158,0.0030373143937979775,0.002068940121676066,0.0025854309886753925,0.003118729531520819,0.0027844631089837136,0.00385987164857703,0.002604013265096836,0.003552770334645514,0.003048862827780544,0.002984284743265981
TGT,0.0023554281388460433,0.0032212911464247966,0.004403838905298226,0.0028715241288257824,0.0024625686411539607,0.0030342386524844106,0.0028932822779740384,0.0021953328184165905,0.003391202912093251,0.0029694028245961963,0.0029798110446113296
GACG,0.003070954680053484,0.002877918659288648,0.0022569446621644746,0.003178148393125813,0.0027590965438854006,0.003180858025751953,0.0036324154041099525,0.0028702458415977255,0.0031881458453514146,0.0027714103441200213,0.002978613839944889
TCAC,0.0033271338912531684,0.002370012053401687,0.00480119776603988,0.002790833791473624,0.0029568733399445313,0.002690871158149968,0.003234068940171384,0.0035552171865255756,0.0024982911984565786,0.0015491201258535496,0.002977361945126995
CCAC,0.0030402618466964155,0.0024978139410958998,0.004177905693971118,0.003013781600216513,0.0026012897200927325,0.002437390864916314,0.0029367506740050377,0.0040219642609205025,0.0025574198197416,0.0024620328033149734,0.0029746611224971105
ATTG,0.001972946834411929,0.0028514747823871487,0.0030488347507685127,0.002957982385305632,0.003255820372175685,0.00269973053163784,0.0035575964615219987,0.0030544484276277804,0.0031025266182206344,0.0031781372992106265,0.0029679498463267787
TATC,0.0025168999949946964,0.0030310611056136717,0.0016128043351478687,0.0027710395578357688,0.004000255257345216,0.003171640096801674,0.003308321817484715,0.002832402274717936,0.0032415822119752744,0.00310056437243939,0.002958657102435621
AGCT,0.002435262662149416,0.0026539005543353977,0.003394790007242794,0.0024860540605470827,0.003051029156573214,0.002468638523448973,0.003370333754886032,0.0028695904306142617,0.0028419141818835543,0.0038929474810496644,0.0029464460812730388
GAAG,0.003121091103796323,0.003093810060533691,0.0025545425825335786,0.0033019715367698568,0.002867262871384103,0.0030985138200664477,0.0029694906016550686,0.003340955484129912,0.002571925456282431,0.002469744877487771,0.0029389308394639187
TGCT,0.0038394380328652506,0.0036608478218462907,0.00268240690964749,0.0022584242270601023,0.0038010831058931517,0.0029804169012825447,0.0022373205686226213,0.0018285348003914052,0.003128797054550408,0.002817966450019966,0.0029235235872179235
CGGA,0.0033499624283073754,0.0024693390813442045,0.0032630472423429858,0.0036818521929471455,0.0026940450639072236,0.002994531300306978,0.002467663956149237,0.002496571879363425,0.0035466593419862733,0.002128390729475039,0.002909206321612989
TTAT,0.002899908262717471,0.0023797967046431,0.0027682205264952797,0.0028946621745404547,0.003100210772189369,0.0036631278135222196,0.002375413518549086,0.003644483623787968,0.003189804477505089,0.0021031617177109433,0.0029018789591660978
CGG,0.0021688951895811105,0.003138314183363987,0.002592781688702075,0.0035998809081160665,0.002988337175086772,0.0026280628730079515,0.0038787172855053458,0.0017953756038722646,0.0029187247958486775,0.0030435414554851993,0.0028752631158569446
AGGT,0.003148629961844296,0.003729291573313166,0.002834370870691904,0.0032171500501198833,0.003351934007104102,0.002384656608065428,0.002627462872051109,0.0025738602804035015,0.0031332228117302843,0.0017312139052073883,0.0028731792940531057
TCGA,0.002915864233287234,0.0028605995155802405,0.0030303894090272405,0.002643509223012084,0.003219768667489627,0.0022963198959655953,0.0031440551148518335,0.0031355742344481258,0.0031990130826894544,0.002267871111420753,0.0028712964487772183
CCTT,0.0028115168279019237,0.0023115677691749386,0.0031286509744696566,0.0023924736647481016,0.002805795164720637,0.0028967269036660457,0.0031470176555806733,0.002539699596874098,0.003349387337490417,0.0031283659268058076,0.00285112018214323
TCT,0.0028954881749880964,0.003042685590613636,0.002043658995466918,0.0028288953277773154,0.00267242186182114,0.002800071452933874,0.0029208129134950947,0.0032573897401647653,0.0021962768170232794,0.0037145394938683718,0.002837224036815249
TACA,0.0030516636272719874,0.0029706747910247496,0.004045490569186797,0.0033249034727961626,0.003049545160606033,0.0024298128470110307,0.003051517133226704,0.001302298238694186,0.0032014592478126565,0.001901694931767876,0.0028329060019398186
TAT,0.002065475340386542,0.0033178612454559404,0.0031964521694110275,0.002792339382547955,0.0028230187627122393,0.0028393487562733024,0.002758810448696391,0.0035779162134721007,0.0026294682377087336,0.0023081319886248844,0.0028308822545289117
ACG,0.002689200432186001,0.0028579314846263566,0.0035145669532863815,0.0028080387951077554,0.0032957985792273943,0.0020118570094728523,0.0031182596064380976,0.002021031807975032,0.002849642720249457,0.0031145942369357215,0.0028280921625505055
CGCC,0.0028523741514831463,0.00334096363005829,0.0020785733891462484,0.0029946044632168664,0.00224338852232042,0.0027577331156502603,0.0025738989857736643,0.002931483533904703,0.0028432924798781835,0.003641665655462296,0.0028257977926894077
AGG,0.0030273852432513857,0.0038687896523195027,0.0004745351420984103,0.0036568716486598883,0.0032512725436344286,0.004478047776545935,0.0034452180791306694,0.0008335579925115275,0.0033672207255746934,0.0018056643416851468,0.002820856314541159
TTAC,0.0023627599549842985,0.003128639946688729,0.004700583206004699,0.0036430801291019946,0.0029206450652490773,0.0029648253276044587,0.00257722296273933,0.0011157671941047663,0.0024653387993635385,0.002325593622260867,0.0028204456208101763
TATG,0.003097128440791805,0.0031976926646462007,0.002617804750331982,0.003172295817301002,0.0027189785368715077,0.0025975539615917457,0.002721871200268675,0.003003096065256757,0.003175125617730963,0.0018043574617608413,0.002810590451655148
TACC,0.0030836985784844853,0.0027156872664034185,0.00351185771633243,0.002797279567331996,0.0029645580694105623,0.002667403510774394,0.0029196647395751075,0.0017431567667249548,0.0031966519530719504,0.0024433569607827848,0.002804331512889208
GTTA,0.0018925491037402782,0.0033041876612675027,0.004523507580364255,0.0028643867217736704,0.00287566382182243,0.002422278945441382,0.0027977584089893467,0.0026025717108254364,0.002665016356006238,0.0019943166333544248,0.0027942236943584967
AAG,0.0030381512371548433,0.0023466383848834986,0.004204507747942511,0.002552788627304733,0.002684734114771219,0.0025184804748575786,0.0028139225515711394,0.002496968017284906,0.0028503644364944315,0.0023489968136415243,0.002785555240590639
AGGG,0.0028480719421446637,0.002720418185981703,0.002693758893353354,0.0030826974624886586,0.002891924141444601,0.00249157223027349,0.0036960432770193337,0.0030915316398595536,0.0030828035341386516,0.0011637271245950114,0.002776254843129902
AGAG,0.0023155589801937613,0.0026982011647426266,0.002918340572964034,0.00232949890445983,0.002800303200885878,0.0024852443739479917,0.0025165163844996083,0.00365184785259729,0.002414156194796121,0.003400292547410194,0.002752996017649734
CCAT,0.002878511890795304,0.0030756506741517887,0.0012952769308856975,0.002916826650595871,0.003391936210421364,0.0027469931849455884,0.0027966513338402808,0.0025963575547970326,0.0030976654468425615,0.002568474628836522,0.0027364344506112014
GCCG,0.002355963870804159,0.0026570264507198415,0.002126367766121884,0.0034871158726170613,0.0028834606028504705,0.003015028512414593,0.0029870137578175576,0.0019263435050343974,0.0028641062188050114,0.003038497297062764,0.0027340923854247737
CCAA,0.002177403627607417,0.0030135666417362055,0.0036647735182524744,0.0028500202962893017,0.0027629509198347766,0.002641844315639471,0.0026529224805099255,0.002649026067498061,0.0027601063579534963,0.002150238449241872,0.0027322852674563003
AAAG,0.00274293235367393,0.0032248148297794226,0.0013857503331151494,0.003436525909994183,0.0025285029285519248,0.003246278401375455,0.003004163232215276,0.002073774084185084,0.003226338129183379,0.0022256729740946467,0.0027094753176168445
CGGG,0.0024281874625724127,0.002882640188111397,0.002278171670814034,0.0023876229789038996,0.0032534329073365185,0.0026909020236914093,0.002746587721585056,0.002789019663983856,0.002404026226153709,0.003158459636193942,0.0027019050479346234
TTGA,0.002369164578474659,0.0026641028808842447,0.0030265748852899704,0.0026632916772293836,0.002948470594640249,0.002192089398887151,0.0031031335099126313,0.0020634875844971023,0.002523104392085539,0.0033345050936845273,0.0026887924595585455
CCCG,0.002568452830026794,0.0023003540650437314,0.0028384662810410984,0.002375297393107862,0.0027559858296738048,0.0027375971907495373,0.002577578424169019,0.002999288360367633,0.00232265306313611,0.003360169844289009,0.00268358432816046
TAGG,0.0020521975601043604,0.0023214700401659135,0.004939550848655518,0.0025487623514771824,0.002664392863928669,0.0024776934082471223,0.002620245819390812,0.002496073684344491,0.0029480528769611357,0.0016099877967622864,0.002667842725003749
GTAC,0.0029536882271660346,0.0026335926262803047,0.0026015044225269272,0.002774505677600704,0.003124916857687104,0.0028613066662446967,0.0025639312133930265,0.0020393083837098856,0.003010783798809333,0.002090138333461953,0.002665367620687997
CAA,0.0019811740173534893,0.0021850950285955944,0.0043866093475496675,0.0019756606102963427,0.0028274994503060644,0.002973149257069827,0.0023762712197574073,0.0025017701092429627,0.001997244872984395,0.0033301330562299325,0.0026534606969385683
GCAT,0.0024758792284474626,0.002509811435179309,0.0016225123499503005,0.0024853325926298747,0.0018939463836741795,0.002555050960381608,0.0030732308766783407,0.0025711265300320564,0.0036518135675950763,0.0035100248345101416,0.002634872875907835
ACGG,0.0019377520476834547,0.002341280274024927,0.0023230067677709023,0.003043174498991384,0.003268493665641485,0.0027198746059383717,0.0027110830220320524,0.0024109319557209636,0.00281831100555118,0.002747441312954812,0.0026321349156309534
GCTA,0.0025237217259338287,0.0025168761031993995,0.0031091660736007986,0.0026488791735925763,0.0029727350919067077,0.0032104655656846883,0.0026960802647167338,0.0019543222435116094,0.002658604383039549,0.0019977474616012666,0.002628859808678716
GAAC,0.002753411888965877,0.003016127939829167,0.002067093705565746,0.0027213649936593375,0.0034125604439177704,0.002350389125133121,0.002900003523795377,0.0021861680675403124,0.0031692629973723244,0.0015042203020875866,0.002608060298786662
TCCA,0.002685758340563464,0.002764493137345156,0.001781599197990085,0.002834005963969946,0.002606297854075602,0.002281638052539426,0.0028703524845245416,0.0029986094331599443,0.003205820621571663,0.0019949579643480063,0.002602353305008784
GTA,0.002011502905628091,0.0037309630044456954,0.0024874282984447176,0.0026998078293449727,0.002730116818696911,0.003081672568768773,0.0026753947915426676,0.0025602555835503435,0.0023933112785856046,0.0015678837935225107,0.0025938336872530286
AGTC,0.002750017616759359,0.002461425300320493,0.004174675066178806,0.0023379987030705913,0.0028504786906989677,0.002265013085336725,0.0024954134960163193,0.0021797967179586343,0.0027126100343817486,0.0015298071447147534,0.00257572358554364
GGC,0.0021647303310501254,0.0023442059791073397,0.002715026507852099,0.0023053426857859508,0.0021975307901411986,0.0026885418060955822,0.0030174471376693147,0.003708233121338795,0.0026693447351808335,0.0018858907044753744,0.0025696293798696613
TTCT,0.0021861363276300394,0.0023233864262604768,0.0024548731954862754,0.002688774751748939,0.00311655869445777,0.002300199039584067,0.002409813529231597,0.0032199162793852213,0.002380492538966469,0.002557426654574283,0.002563757743732514
AGAA,0.0024395305115506648,0.002635046866808556,0.002543868012981827,0.002767289245084107,0.002904827656732703,0.0036101713668331326,0.001952885869144076,0.000947780351824353,0.0029200771028549625,0.002866670887835791,0.0025588147871650176
GATC,0.003076376446985289,0.002346062759631373,0.0014070403757700744,0.0027821400852651845,0.0026544108254576127,0.0027244683358901437,0.0025713737497436657,0.0032134495772687724,0.002603934301912544,0.0021863547107000714,0.0025565611168624726
TTTG,0.002490126444522748,0.001698822233815214,0.002915038136460631,0.002861515824089314,0.0032078522527182697,0.0025901745699113818,0.0024092730752843555,0.0027963674924399435,0.002254603832604457,0.002266696375047583,0.00254904702368939
GGAG,0.0027914798501511378,0.002453433305298361,0.0021784179394652445,0.003129491705190444,0.0024437566712741158,0.0025381842081560937,0.0023057874478299074,0.0030057953697068453,0.002946324127926498,0.001667984327858538,0.002546065495285719
GTGC,0.003299863230845416,0.0025183027701248142,0.0032950999908303753,0.0024385789157376743,0.0027226813964974905,0.0022377421189272496,0.0025050266262141067,0.0017263526133614138,0.003004364887487533,0.0016673719713943386,0.002541538452142041
CCCC,0.002232096942994311,0.0020266210740870344,0.001604964336579489,0.0029860006913406886,0.0025258707738730025,0.0025003473155559364,0.0025146545406398587,0.0032383269728420054,0.0032372556778605286,0.00239167138027036,0.002525780970604321
GGTA,0.0022926054091072807,0.002224402528171201,0.005171092206523001,0.0020304726851219043,0.0022607145057131303,0.001919346779907781,0.0025497074343585127,0.002116860307483041,0.002109010327247584,0.0024721242667892322,0.0025146336450422666
GCAG,0.0019296288346744078,0.0023754034034953447,0.002586801391500546,0.0021582375651268246,0.0027287856044384473,0.002393146609406532,0.0023079166462283297,0.0029355843284296604,0.0021057121627509603,0.0036192271330138296,0.002514044367906488
AGAT,0.0023119869916584084,0.002553664401776801,0.0037317985444857496,0.00277284115918029,0.002886838218208756,0.0028033475384053076,0.0022531334418126056,0.002504506559219437,0.002434261655995221,0.0008564224401392869,0.002510880095088186
GGA,0.0022025788398958323,0.0024006892288470625,0.0030054321613789715,0.0023348462502230404,0.002330318268154638,0.003021916239676811,0.002566027874749725,0.0017853065700292694,0.002381222016394875,0.003040906413289811,0.0025069243862640036
ACTA,0.0033956451428609463,0.0019567904101651028,0.0024937953875278727,0.002742581347744639,0.00276264762785044,0.0025228189009369128,0.0023631380551582403,0.002396431114619309,0.002727801321272456,0.0016589669068615782,0.0025020616214997495
GAAT,0.003109125505978705,0.002585014629892544,0.002979705597152912,0.002580117018156246,0.0026816766331958014,0.002268122342675629,0.0021195889175012685,0.002711842583381781,0.002767386898023912,0.001181241041197878,0.002498382116715668
CAC,0.002286654584017245,0.00314104186997723,0.0016740631669819885,0.0032911375452733677,0.002866442312805448,0.002285457646251091,0.002151522582034285,0.0023715502537685795,0.0026946613397973514,0.0021938614961708102,0.0024956392797077396
GACC,0.002556780354787817,0.002067363579333327,0.0024941124511557835,0.0028292257420164616,0.0027042714318871197,0.0026659944326676384,0.002790718654393158,0.0018902704857758185,0.0028161980791658737,0.002106882009008851,0.0024921817220191845
GTCT,0.00198681427148798,0.001953870164497487,0.0031595650793705,0.002347829361610608,0.00261602288075956,0.0023151615037914765,0.0028597599153127075,0.0030330621282386484,0.002742607004654073,0.0018214917428624312,0.0024836184052585476
GTGG,0.0019129945160797066,0.0024188849414763266,0.0029332663460149996,0.0023581659351891533,0.0026853369536169224,0.001947970484358133,0.002035296640989613,0.0025257386827449496,0.003150551627278261,0.0027656651505804423,0.002473387127832851
GTT,0.002157885181011078,0.0025209972694369472,0.0023158333221292,0.0028361106885975654,0.0032718998926769514,0.002070307050882284,0.002517885737685432,0.0020950251350991722,0.002892163582691535,0.0020391773209045456,0.0024717285181114707
CACC,0.003053522991637417,0.0022497688383771005,0.0018265943430011413,0.002471697141538815,0.0026856536037616193,0.002245598435643676,0.002083875942868372,0.0027018879238688257,0.002792502103976628,0.002596501243064679,0.0024707602567738277
AATT,0.0015891078267538685,0.0029025696588718067,0.0010618715568981485,0.0026731101186676038,0.002616259076277534,0.0029113968165839256,0.0030057084654461184,0.0030371803981314146,0.0024009275212641163,0.00249840508231864,0.0024696536521213175
TAAA,0.002074355689006043,0.0025650670639798087,0.003317663976438094,0.0029917140714613944,0.0027671396890737265,0.0022598063090220138,0.0028753760004980415,0.0017935865062758856,0.002564998374253154,0.0012753051680485772,0.0024485012848056735
TCCT,0.002332451712501725,0.0022641450513320592,0.0026816666221231933,0.002598286342640251,0.0029196959682431622,0.002233895397004061,0.0020534147304943047,0.001639059177724241,0.0029336966122564534,0.002679175279366558,0.0024335486893686006
CTAT,0.0025637850359430297,0.002139849671852252,0.0021984458598696996,0.0029117973283542334,0.0026257062648000545,0.0026292174182531024,0.0026078686751054283,0.0012661054124247526,0.002932575445824479,0.002428505058555919,0.002430385617098295
ATAG,0.0021543340158153225,0.002256057101727231,0.0018795997699688886,0.002182943479360416,0.002363233545076177,0.0027245946242672146,0.002097943353911133,0.00275300584632171,0.0025858864203512685,0.0032669741731846517,0.0024264572329984017
CATA,0.002136915415768534,0.0022538099012277984,0.00517329493363381,0.0018789991416644435,0.002406500192841907,0.00254690853654236,0.001830702013833245,0.0016131045949091315,0.0020934696017626537,0.002311340035101427,0.002424504436728531
CGCT,0.0018679985876557267,0.0018958019897661613,0.004664234334225949,0.00197522743757474,0.0021707976863684806,0.001669969555968302,0.002116307805337876,0.002466432129453546,0.002158712354495754,0.0032554248295502716,0.0024240906710396807
TGTC,0.0020064965071742704,0.001720086911977872,0.0019031912507187956,0.002818161644549588,0.0021862213744112953,0.0014977758961007134,0.0027346577519424538,0.0029132163943946686,0.0025500728650531914,0.0037869332595697946,0.0024116813855892647
AGTT,0.0021963681944275975,0.0028660694329463014,0.0032618104427723387,0.002405636814880738,0.001975550766660249,0.0024956711196673304,0.0022617217323634814,0.0021725860202134427,0.002465874531028852,0.00200732056604731,0.002410860962100764
ACTT,0.0025433694167627074,0.0026030024388626477,0.0031412402442721516,0.0018053853241593988,0.0026364962783436345,0.002746869489591924,0.0020789899028162214,0.0019491925904683012,0.002683435166033848,0.0019040924577347616,0.00240920733090456
GGAA,0.0027574157086701504,0.0024482261308390336,0.002390132215319082,0.0022217498929227543,0.003043989085056187,0.002142686263259574,0.0023385828121360664,0.002684261995110695,0.0028412116344816935,0.0011673732867577605,0.0024035629024552994
TTAG,0.001869881832036745,0.0026302768058744175,0.004115241334449871,0.002459575116855353,0.002933859212228972,0.0025676167615622226,0.0014942719668336437,0.001615624116369401,0.003055225661197047,0.001276301782209378,0.0024017874589617044
GCTT,0.0021192462456876807,0.002778935943061946,0.002373204705766979,0.0017963766894550355,0.0029478657524506726,0.0023946911669878875,0.0021974940095572403,0.0018419128504796704,0.0022210336310083127,0.0030148466591668273,0.002368560765362225
TAC,0.002328334221826025,0.0024046013369387925,0.0043755391866183895,0.0020829038785491545,0.0021665759466017115,0.0021901729212452426,0.0022548633144090975,0.0015258108768583117,0.002387512906643554,0.0019289699536582483,0.0023645284543348526
CAAG,0.002215318677174164,0.0022573132556210056,0.003260727169981881,0.001735169600890913,0.002376415903280404,0.0022650125474204296,0.0022765089540454204,0.0028431230706274504,0.0027955563352749166,0.0015587705984368102,0.00235839161127534
CTCT,0.0019404125765989477,0.0020153718475922396,0.003347270907020584,0.0021587841656823996,0.0024084874534465663,0.001998093497094236,0.0021882377908057173,0.003784536777662968,0.0020913839357665255,0.0016502054735547218,0.0023582784425224905
TTA,0.002185359065918396,0.002670308986605455,0.0030785051710625583,0.0020082467404028775,0.0026414529731895427,0.001868102344084168,0.002330296944635458,0.0018233794257905907,0.002045827593786721,0.0028871283845441826,0.002353860763001995
CTTT,0.002073020990970016,0.0025735126616808083,0.0018692390280853396,0.00307885339714524,0.002728612909712982,0.0023059166279141446,0.0025665577044902514,0.0016125110294357382,0.0021669980596763323,0.0025544633598641006,0.0023529685768974955
ACTC,0.002145934264237497,0.002505607144061758,0.003428867438383427,0.00256432583923501,0.0021707437096733927,0.0020044748217072934,0.0022353029504497794,0.002363375089645161,0.0021107959617938468,0.0018802188618208871,0.002340964608100806
GTC,0.0017906984280474027,0.0025533637424961274,0.0023079007985068838,0.002343693854205545,0.0026997518675993316,0.0020525257165416593,0.002465562923805663,0.0019745176539438143,0.0025240351129743226,0.002645999772091922,0.0023358049870212667
AGGA,0.0023774229543847944,0.0018572208383017203,0.003771104372460627,0.0023339839359534354,0.0024001028926891304,0.0025247352459011187,0.0022201901456326226,0.0014811150178392154,0.0022170550261670324,0.0021411087659050573,0.0023324039195234754
CCGC,0.002477104656326321,0.002187905488275036,0.0016695155313975207,0.0024075610531568074,0.002867473919765972,0.002664105984797297,0.00264994504740025,0.0017548887634447439,0.0025151168011038447,0.0021035395542505914,0.0023297156799918384
TCAT,0.0018526367128635574,0.0021466080006897403,0.0037013138374092924,0.0018332584649087286,0.0021901118374757483,0.002050220688736506,0.0025467326485982917,0.0028576282956206765,0.002403589635059592,0.0016733519863077276,0.0023255452107669864
TCTT,0.002601593136122523,0.002381196687447403,0.0013908817444260836,0.00240982771468074,0.0027010004753268207,0.002856634494577045,0.0021385415515225974,0.0016176741551480775,0.0027946905067834675,0.002318602461843361,0.002321064292787812
CATG,0.0022079219780641503,0.0024257992669752698,0.0026474019723179503,0.0019877187060806057,0.002225501263125837,0.002027602065995364,0.002864185501475042,0.002702769313051766,0.0024821393700030945,0.0016346643448138167,0.0023205703781902895
TTC,0.0019173934470713935,0.0022339909217111184,0.0027001544809295316,0.002350554224790829,0.002387870645387197,0.0022561959596312108,0.0021183254921577134,0.002075136683181787,0.0021232372762876755,0.003010934786709102,0.002317379391785756
AAGA,0.002351631055620313,0.0022236292205357676,0.0019288933672306596,0.0027823633575836146,0.0023077651602037208,0.0023265347384476415,0.0028705870539366012,0.002103085568161831,0.0023384073976753716,0.0019108781759393598,0.0023143775095334886
TGC,0.0023216514619240004,0.0020705257106151255,0.00213483428653164,0.0018802864540785704,0.002217736350752442,0.0023857825568697295,0.0018486081428265389,0.0035097822520367347,0.002463437926821992,0.0022137854078805048,0.0023046430550337275
GAAA,0.0020088432642381407,0.002216698577205624,0.0021426171657620645,0.0031261516413352863,0.0022831025761059333,0.00234998431502378,0.002182322463165966,0.0026363294392123164,0.002327409251641843,0.0017679313682313776,0.0023041390061922327
TCA,0.0023963803031050433,0.0022672992833085758,0.0015401104718170667,0.002278664141904454,0.0024769501159023727,0.002384150130329736,0.002182750764751361,0.0017850019802200315,0.0033625089959784023,0.0022679496172362756,0.0022941765804553324
ATA,0.0017642219521717454,0.002869417713043198,0.0019016029205018146,0.00332314399953472,0.00263643310296598,0.0024394057653413354,0.0027377430323511477,0.0015195857799231642,0.002488432957392073,0.0012421367703598794,0.0022922123993585055
CCCT,0.002545334975835894,0.002315355568463463,0.0012217365788114833,0.0025412155622314084,0.00250198240950324,0.0031004228037891145,0.0014970095369978996,0.0029351942216998407,0.002341293166904613,0.0019072019526996827,0.0022906746776936637
GATA,0.00254877342157979,0.0022144180997642274,0.001239484206253991,0.0023250966265507874,0.0030182944661189368,0.0024838380595992426,0.002568815066033194,0.0020159992464574427,0.002447095112853014,0.002033008148341869,0.00228948224535525
GAGG,0.002331422647538613,0.0025641287568983315,0.0012576661046976873,0.0020332595382133393,0.002838341161026747,0.0024059934961860653,0.002249126975481171,0.0017850785243702012,0.0029809097344741836,0.002430579620740756,0.0022876506559627095
CTGA,0.002439914038192535,0.002852853838495442,0.001859121215787692,0.0026314002951710164,0.002826553110916971,0.0018693369434253956,0.0020668209360809662,0.0024232444470205436,0.002847023615871104,0.0010153926339906039,0.002283166107495227
CATT,0.002000680333256436,0.002300191192654056,0.0031197742240073258,0.0016072750324095612,0.0028118063227305537,0.002064060705026041,0.0018974886604868387,0.0020113933301807987,0.0026825010982589378,0.0023088864579198947,0.0022804057356930444
GGAC,0.0018302336634565238,0.0026454042898424015,0.0023732000832002117,0.001887089649553622,0.0023027988310534604,0.002480939538921302,0.0026539703778497843,0.002197018263880841,0.002585909007346162,0.0018057589712085875,0.002276232267631289
CCAG,0.0018014209072377023,0.0017307724020271258,0.0029139956508465923,0.002559612946001494,0.002580745300460484,0.002095647638426139,0.0022381328161318187,0.002223497768497291,0.0027309011320018183,0.0018659253522679837,0.002274065191389845
ACTG,0.0022135575367420307,0.0017018574798750583,0.0035156234456442644,0.002077404757539424,0.002852762622389461,0.002175566172503066,0.002576826468545919,0.0013170093461163052,0.0026381869129037715,0.001486046196475455,0.0022554840938734757
AAGC,0.0020390700624308674,0.0026977868118636477,0.0022343584262402047,0.0024301657425414673,0.002005537545042456,0.0026906108427183833,0.001728551529978656,0.002466517043994028,0.0023682975950474906,0.0018636616795702462,0.002252455727942745
TAGA,0.0024007202203904657,0.002050484119765139,0.0019034194890917141,0.002316969906592545,0.0022912294032547457,0.002526381051071072,0.002307010364606872,0.0021932300439522715,0.002509018253524164,0.002005334806576737,0.002250379765882573
ATGA,0.0017920565411670003,0.0024691212987202624,0.0030771535644651352,0.0019605027813018316,0.002822662823815823,0.0023857255767068927,0.0019373130783851096,0.0009361344730292403,0.002452832369426346,0.0026465186804843343,0.0022480021187501974
TAAG,0.001980380815394913,0.0021362841774005157,0.0027564839347558817,0.0021179463745504053,0.0023209902081748565,0.0020333721655458807,0.002081007561664571,0.0016455472878927012,0.002152297793182646,0.003203054478467649,0.0022427364797030017
CACG,0.0013002187428870849,0.002631659963082329,0.0009316142414751427,0.002669604077572631,0.0026107583756246867,0.002477346231981771,0.0028100161812317707,0.003704556722741196,0.002445709501910705,0.0007708228478348084,0.0022352306886342125
CCGA,0.002361470146320104,0.002456285948814973,0.0021574632575370816,0.001955022896771514,0.002440406209602419,0.0018776937666051695,0.001834093475937504,0.0025615770568989792,0.0020199402169915996,0.0026826914747942092,0.002234664445027355
TTCA,0.0021050150445616434,0.0022805953564310174,0.002231576886178189,0.002244810999027014,0.0026170714954415813,0.0024213544303240803,0.0021435775757489423,0.0011964070320263996,0.002524539499380116,0.00230662042279704,0.002207156874191602
CCC,0.0018958000146476954,0.0023258231371320196,0.0016655917597786138,0.0022688968035010667,0.0024729100741907395,0.0020168014275551527,0.00231323549075147,0.0020303228492616855,0.0022604921656570135,0.0026501312514038613,0.0021900004973879326
ATGT,0.0015523154055900716,0.0021387566838413515,0.0029775659288747702,0.0020265714633106845,0.002478975719462522,0.002219311930453019,0.0020670275143859704,0.0023498270628558573,0.0020037128957688336,0.0020497011329032844,0.0021863765737446363
ACCC,0.0021202843955357518,0.0021086119082068646,0.003000951320888692,0.0016875783200233922,0.002229880120064548,0.0017950756120779828,0.0015718690812926554,0.0024323991749455897,0.0020534667649104556,0.0028519599631261646,0.0021852076661072095
ATGC,0.0023938690715157892,0.0018705303640167118,0.0019708146526542436,0.0019242120515365925,0.0025526054753354454,0.0023636541488004114,0.0023015732803371514,0.0023673056412376677,0.002458259553571647,0.001567786470356334,0.0021770610709361997
GAGA,0.002145455004850401,0.0018643327617322474,0.0021478782677070325,0.0020101571343547277,0.0022837742973354914,0.00233630361622021,0.0019237845021007193,0.0021259699003321666,0.0024126670223122548,0.002483451887361954,0.0021733774394307203
TAA,0.0017983733982579345,0.0019384270953647436,0.002155354698646505,0.00221323850171481,0.0015966816323369972,0.0021645228172110535,0.002185413110484725,0.002223722320472735,0.0030792042818195736,0.0022324731359829263,0.0021587410992292
GAC,0.0018464249320492784,0.0016236341014336916,0.002576566410415342,0.001783100314642862,0.0023675321292818794,0.0019756442176618342,0.002289237160462448,0.0022030039065752,0.0022998851530241456,0.0024109552221773306,0.0021375983547724012
AGTA,0.0017164845283087356,0.00216702001858248,0.0032371659117186404,0.002157356099889029,0.0025033328668518794,0.002020321937252819,0.002094975840625965,0.0016183178793649678,0.0019884741105587844,0.0018641080851184454,0.0021367557278271746
CAG,0.0018850731406926163,0.001856627705494699,0.002164232574685969,0.002165476914522934,0.0024326322389006012,0.002798972652124964,0.0020093414415920316,0.002151432681744403,0.002119374284655963,0.0017718760540586728,0.0021355039688472854
CAAT,0.002005696256804087,0.001986672302768733,0.0019274429738767307,0.001772735764189885,0.0027327628380069803,0.002473683455039177,0.002446376777225531,0.0017457441363988339,0.0026600183830849827,0.0015736578320085643,0.002132479071940351
CTCC,0.0018822482625591808,0.001887442439316205,0.0029799263516540643,0.0021744997588210345,0.0024308057028479086,0.002562308851466833,0.001726664608594363,0.0015384203559595656,0.00254426796092046,0.0015737934353883011,0.002130037772752792
TTG,0.0013531847695856145,0.0021508210518412997,0.00274882443283854,0.001797554863113466,0.0021739960664596556,0.0016612618879958635,0.0022968206597160723,0.0018312685364695774,0.0024894048545945923,0.002787292189437834,0.002129042931205252
CAT,0.002148627424000124,0.00216654314347436,0.0016238880736972581,0.0018111327590615938,0.0023305843175562783,0.0024024749480593,0.0019707328401538243,0.0018348875909724818,0.002518887765462778,0.0024668049031337843,0.0021274563765571785
GATT,0.002110948133559973,0.0021041106176306963,0.002059300300004408,0.0024022650167765513,0.0016574962582030493,0.002119379190556556,0.0022815748741186114,0.002528441867746975,0.0025837428969588657,0.0013163156608994564,0.002116357481645514
TAGC,0.001717304383778545,0.0020682589830885007,0.0031824699158213552,0.002257250276475519,0.0024209682583866297,0.0020306486390422054,0.0021171522344889332,0.002025303179865683,0.002005060612737362,0.0013151881726092376,0.0021139604656293972
CTGT,0.0020979265404514028,0.0022562919932752217,0.002381650112737854,0.0013189166301324875,0.0024154284627273736,0.002462127148265114,0.002106000197053967,0.0022792283031694413,0.0019080615758341223,0.0018979204399160092,0.0021123551403562997
ATTA,0.0022483016434750288,0.0022038880343870425,0.0010579088597561083,0.0023741880681858825,0.002114474119844729,0.0027192216856037395,0.0019014113533840896,0.0019179391022771156,0.002298942547299892,0.0022691195359397496,0.0021105394950153376
GTTG,0.002021158965517364,0.00215568629273789,0.002404838825415693,0.0018703208024092807,0.002601131597684121,0.001527201415814985,0.0017728904091492389,0.002213928021479433,0.002310388148190698,0.0020569262446839876,0.0020934470723082696
CTTC,0.001449621242605155,0.001420838473705192,0.001714133805419792,0.0018674872991766873,0.0025377939006635433,0.002422109068936223,0.0026316436069091314,0.0016256569981057247,0.0022464710215511687,0.0029170272821319844,0.00208327826992046
GCCC,0.001961172997266745,0.0015912271809313604,0.0034215764799462546,0.0017050895820632875,0.0024880254705595627,0.0020710701116502836,0.0017843347522856438,0.0012809333409136558,0.002547514482867186,0.0019424511669624848,0.0020793395565446467
AAGT,0.0020676229443232093,0.002899539053334655,0.001842284051245002,0.0024233149816421215,0.0027986461217947563,0.0022972781931502174,0.0020141676245054277,0.0008947980662379121,0.0018822508775619626,0.0016352467156507144,0.0020755148629445982
TGCA,0.0018321766247750954,0.0019728824499883253,0.0024334411691271205,0.001661553575086779,0.0024475993511011308,0.0017823694699629843,0.0022560344715295637,0.001995720348992626,0.0026043694909585373,0.0017531427547246292,0.002073928970624679
GTCC,0.0017035129635054884,0.002315465042343511,0.002224722292399429,0.0020812600531021175,0.002364370138127333,0.0023303492152425007,0.0016799317374818006,0.0018983692111131315,0.002310828470710402,0.001642748513479978,0.002055155763750569
GGGG,0.001968305336452803,0.002169642313395102,0.0015763167638966867,0.0017921408895025805,0.002344142702510441,0.002310434735752997,0.002103220386692522,0.0028113738563575285,0.0019835684804870397,0.0014575977212431816,0.0020516743186290883
GCAC,0.001477701967449394,0.0021128351202430885,0.0023263506962101846,0.001800213067439851,0.002217650799526395,0.0019694018372180978,0.0017314455655871475,0.0019567548089072717,0.0022734239312046053,0.0025829963741655386,0.0020448774167951575
ATT,0.0017892945283064813,0.0023980846196267063,0.002097272828838461,0.0022241332317204307,0.00206628388140764,0.0027080209775519988,0.002116696577655934,0.0012869422012579798,0.0024421179692226233,0.0012139619522041072,0.0020342808767792363
GATG,0.0020175911949941103,0.002173935614908313,0.001780341147932183,0.0017308593288888347,0.0016956654332992496,0.0017837580994222383,0.002394201633810844,0.002683826147097309,0.0021474011944890956,0.0019254466544857418,0.002033302644932792
AGC,0.00199263426926502,0.002067495875855061,0.0008524068559321648,0.0020486659824272817,0.0026274479616539277,0.0024214825871358295,0.002314464569657981,0.00280968618529797,0.0018570755227831253,0.0012813385514904969,0.002027269836149886
AATA,0.002119770694899385,0.0019677032610840085,0.0020213654240977,0.0024038743881994802,0.0018655281670923107,0.0024588610425494927,0.0016786046240811702,0.0016959750440546776,0.002023811423007321,0.002024531242349293,0.002026002531141484
ATCA,0.002011090869081979,0.0015047488120220466,0.0026439901538969557,0.001836967118874993,0.001897570947219593,0.0021306061033301536,0.0018291374931941472,0.0017169059002001023,0.0019498853853156216,0.002710573063564627,0.002023147584670022
TAG,0.0018642558227132007,0.0024186612334812277,0.0008674861389843272,0.001941763505543837,0.0020123983776161314,0.0025412570603274994,0.0021227317708705055,0.0017597406826079874,0.002398086711972864,0.00222552802049795,0.0020151909324615533
TCAA,0.0016905858731042528,0.0015543632131720902,0.0019892057268489018,0.0023205106858723065,0.0023508962096520664,0.0018509400745076897,0.001951093970122889,0.0022348548733070986,0.00240477987232312,0.0017930778472794989,0.002014030834618991
TCC,0.0014642303953928519,0.002387091114998928,0.001227369185987514,0.0017165106082753878,0.0022841844840411833,0.0024550911323979667,0.0016063502321529883,0.0014157658914618959,0.0023757571110437866,0.00316111286780458,0.002009346302355708
CCTC,0.0016493301686585453,0.001367301957950922,0.004492125273610553,0.0016391393995687509,0.001915229023736058,0.001554260383205892,0.002005277242365257,0.001653997871158965,0.002080992786648415,0.0017205705902573138,0.0020078224697160666
AACT,0.0019075118445479355,0.0021029745193047802,0.0015487880899401367,0.0017286979667840293,0.002063589485695168,0.0019487391451484526,0.0017719240918364527,0.002123237378900794,0.0024462054605841757,0.0023880056960480407,0.002002967367878997
ACT,0.0015838852881546249,0.0017244013171032202,0.0029928416767391504,0.0023322701097077876,0.0018436756422628168,0.0021185567203149025,0.0017618869299411348,0.0016322189193899736,0.0019537486760038583,0.002044459082616584,0.0019987944362234054
GTG,0.001820222394573497,0.0023727352576561767,0.0012542986935819048,0.0016803332742556612,0.0023986390555552233,0.0020445843048610165,0.002190926638029443,0.0012574208583541256,0.0025027621312727504,0.002463971276591433,0.001998589388473123
GAA,0.0016196474751909529,0.001944790588085992,0.0025768879355070546,0.0015242783889116516,0.0020706468772462745,0.0024075369658355158,0.0018881296452251694,0.0013143155049759351,0.0019163813154401185,0.0026976977842623137,0.0019960312480680974
GGCG,0.0014863761813323187,0.0021109030031312968,0.0019428315689297448,0.002018345045650817,0.0023604724393765353,0.0016298319085404594,0.002307820089465606,0.001246831964986472,0.002196060224669146,0.0026553071678896123,0.0019954779593972004
TGAA,0.0017681490006564511,0.002142343287368314,0.0022818748486305006,0.001576230172007268,0.0019663765900988744,0.0021592819168827914,0.0016922545886386398,0.002227069903048349,0.0021763665540062353,0.0018345751497846324,0.001982452201112206
AGA,0.00202334076922904,0.002130945327156967,0.0017492154344680108,0.002058185578986579,0.001985441607069509,0.0023058917145936356,0.0017721183695117962,0.0016746527796500472,0.0023766581417765144,0.0017458778947176297,0.001982232761715973
TGAT,0.002004117610736928,0.001893915106936458,0.0019132304517843327,0.0019161353021016241,0.0020756983004880537,0.0019164668855441462,0.001999382009371049,0.0021117930958370625,0.0021101380903550794,0.0017372357147578694,0.0019678112567912604
TGA,0.0018977916717823895,0.0018229933043605532,0.0016633159906652031,0.002253388353329455,0.002221081992523762,0.00202796313508333,0.0018517209900831353,0.001421160844662981,0.0025486665850771046,0.0019236112679553484,0.001963169413552326
ATAA,0.0012100694326302199,0.00195943954093963,0.0016864228964863115,0.002240379296507087,0.0019315825732854547,0.002855214266885372,0.002027794526672493,0.0013778473111978838,0.0018332370718727228,0.0024965606433433015,0.0019618547559820477
CTC,0.001690847453030225,0.002106506330821903,0.0023469339757646907,0.0018611437365095907,0.001677671408402931,0.0014647291358121355,0.0019769731187400923,0.002086296771007743,0.001952228475355766,0.002440084527349032,0.001960341493279411
ACCA,0.001545703714723789,0.0018871962469515131,0.0029902429333805085,0.0021328881087645636,0.0020488874850786844,0.002122572882118238,0.001777215211311127,0.001297611969774353,0.0020506090610023227,0.0016004590043285866,0.0019453386617433687
TGCC,0.001841906678029699,0.002808134725718896,0.0027802913446340004,0.001819148655822198,0.0018559619225497438,0.002012545581348717,0.0018127782923016893,0.0008451870207591087,0.0022802025263581383,0.0013955995940215294,0.0019451756341543722
CCA,0.0015785230999970491,0.002134594107948713,0.0016135308929430892,0.0019252822652195461,0.0021302321075193477,0.002092595257253718,0.0019679434551749604,0.0018465991939863253,0.002222828604607485,0.0019140478521460459,0.001942617683679628
TACT,0.0015198195168169436,0.0019255259117993647,0.001250232573645824,0.0020089020648725742,0.001761905103344035,0.0021743077530303385,0.0028917397211726554,0.0009689728839421401,0.002872731515958669,0.0019482715808933156,0.0019322408625475859
TAAT,0.001467974962989452,0.0011220825533478035,0.0010335359356591738,0.0020084045851119173,0.002594412665263801,0.0023566040314172733,0.002090319955801554,0.002475724975819601,0.002138840053715147,0.0020080809305861114,0.0019295980649711834
ATTT,0.00084293592242046,0.0019885480881464608,0.002728174476781136,0.0019333521976315341,0.0017961430201164355,0.0024155213373024944,0.0018376649877578704,0.001420925936730867,0.0019445100636008325,0.0023857665093445332,0.0019293542539832623
AATC,0.001767488155214085,0.0018299921095757236,0.0025169440471008507,0.0013187378948655655,0.002615088849247817,0.0012521803230477195,0.0016106852411610175,0.002214029365854249,0.001869537957995836,0.0022808532698212827,0.0019275537213884145
GAGC,0.0017590906346250784,0.0021675345801462744,0.0017060632108152874,0.0019235789736262402,0.0025253998778312675,0.00209276096676332,0.002047768249076037,0.001661763593200653,0.002267860950146382,0.0011144103236827092,0.0019266231359913247
CCCA,0.0017902127270514074,0.00183143831082933,0.00256940478336944,0.00166824795352535,0.0017604840149679551,0.0019047229379427898,0.001477643056357538,0.0018698883061842241,0.002034051248051054,0.0022579324618118915,0.001916402580009098
ACC,0.001617045675231802,0.0017419121067759643,0.0028194461749237875,0.00221997976974814,0.001735237798202693,0.0014386638489299987,0.0016313229957421501,0.0017023105034307984,0.0023724783362806044,0.001800686465069643,0.001907908367433558
ATC,0.0017018910517508725,0.0019416584484493688,0.001238781167820134,0.0020460552636478732,0.0017410903065752537,0.0020858795547891618,0.0017168494934504095,0.0030468502282521466,0.0023654190691900106,0.0011139571671356207,0.0018998431751060852
TTTC,0.001607053805225416,0.0015594436480415184,0.0017765937115402555,0.001742470396223391,0.0026883564598661333,0.0016503303310615373,0.0020371441163858995,0.0021390950518911708,0.0018735440602938355,0.0019206169362861068,0.0018994648516815263
CAGC,0.0017917949366471645,0.0025934521283942145,0.0007295169461186032,0.002001331666098964,0.0016491145841304147,0.0019810343949031154,0.00212676536884211,0.0018998013144326015,0.0025631137104458897,0.0012365335049997382,0.0018572458555012814
GCC,0.00173417167242049,0.001969722495750915,0.002677197043633436,0.0018087487559985194,0.0014406508926006637,0.0018037131355632752,0.0017988498346981241,0.0015358721792429369,0.0020072655025531504,0.0017736051483489776,0.0018549796660810487
GGCC,0.0015407628712249427,0.0020444603894200163,0.0016331823270000789,0.002051186518942067,0.0018608771107335507,0.001670757848041449,0.0016449548527722772,0.002140546000786024,0.0018858483343020538,0.0019887202044028386,0.0018461296457625298
TTT,0.0021284665847662114,0.002503230284632309,0.0006399132425008239,0.0022285435095163925,0.0022009644968063705,0.0020471076989263854,0.0019236754516571075,0.0010722281828170967,0.0021448761281850533,0.0015292278795513954,0.0018418233459359143
CGTG,0.0015204261661092289,0.0018914284947228314,0.002302016307031531,0.002016358899289002,0.002431695917426074,0.0014641654969352032,0.0014218883313573852,0.0019080987149571373,0.0025241737086016177,0.0009199215231448508,0.0018400173559574861
TCCC,0.0021461027875659885,0.001905036470970786,0.0008446175797250908,0.0023601859631570132,0.0022305895749854393,0.002006841247326842,0.002120925084801456,0.0009239215304002226,0.002166174687935366,0.0016146553884136402,0.0018319050315281846
GAG,0.001564034574391305,0.0019185124102724885,0.0019173513043963279,0.001767105525764436,0.0023437464785342537,0.0020060110736265457,0.0018198478942583276,0.0014360050211470988,0.0021898040614584755,0.0013433723824569275,0.0018305790726306187
TCTC,0.0017949967048097547,0.0019217682176783423,0.001457715162104501,0.0020118799648043756,0.0019469992283031809,0.0018058368068795622,0.0020118738289806606,0.0014993411586884655,0.001913296286106596,0.0019045868519323558,0.0018268294210287792
GCTC,0.0014699071758379786,0.0019386037912515635,0.0013820536215299085,0.00212151422711662,0.0021261962122462365,0.001683698715321899,0.002004123229371375,0.000778313426835649,0.002362841104369874,0.002333243872176298,0.0018200495376057405
GCCA,0.0014253978131596313,0.001797085139419923,0.0019732120797892588,0.0015213735983911612,0.0019374389891937786,0.0018165476414912429,0.0017560059081191473,0.0017543098683598882,0.002206626370238179,0.0017189160347908243,0.0017906913442953033
AGCC,0.0017528578233525116,0.002007827420990758,0.0019123284750357337,0.001629308544588775,0.0018390009897811294,0.002385374448614848,0.0014341989367327636,0.001482720685057226,0.002080560766260749,0.0011740543383211878,0.001769823242873568
AATG,0.0015556355013685234,0.0019141648557736961,0.0015397979506075149,0.001665944740252362,0.0019322510734018628,0.0020403255142728135,0.0017776232027248266,0.0011401353640341037,0.0026102524689950177,0.00150308491427229,0.0017679215585703011
TTGC,0.0012279634479806048,0.0020635510650399407,0.001397571407747843,0.0013928945008919935,0.002354146014269333,0.0022691656538294767,0.0017925079954186226,0.0019521058372592933,0.0021668225309632023,0.0010033000000714387,0.001762002845347175
CTAA,0.0017219254174416845,0.0017175491829307863,0.001488096022178348,0.0026018941374496484,0.002076448634828087,0.0018869963529858267,0.0018568780117312945,0.0007872295763958123,0.0020460516221996144,0.00139879412732651,0.0017581863085467607
AGT,0.0017073820358158365,0.0016563706798541908,0.00288555411397433,0.0018574167537383384,0.0017401612852140074,0.0014677550418891194,0.0022207412701913836,0.001498140084896138,0.0014864499548167555,0.0010080439629742929,0.0017528015183364393
CTT,0.0013797316121025305,0.0015034511376648151,0.0016151689589614725,0.0021347645079026157,0.0018133186438731876,0.0017916691925364213,0.002008828744686449,0.0013836981966367074,0.0019461923224019185,0.0014118279699879928,0.001698865128675411
ATG,0.0015883089603689435,0.0016935254148713447,0.001124584726138045,0.0023598598243743693,0.002317507190455885,0.0012330291121846774,0.00219909009455042,0.0006828249338000295,0.0015692282555782781,0.0015984345672343182,0.0016366393079556313
GAT,0.0011035915397214645,0.002148214795403945,0.0008862732788993958,0.001898964078139161,0.0018356295322473604,0.002046335526263744,0.0019291614976932692,0.0009692896065403088,0.0018780168858042305,0.001521310845197703,0.0016216787585910581
AAAT,0.0020648835552546075,0.0018536118683512984,0.0004033766573120925,0.00204847207945579,0.0016296948146824568,0.0022003731097793265,0.0015235789980007886,0.0011108076334986566,0.0016823165018609969,0.0016490127442624447,0.0016166127962458459
AAT,0.0019014858225181077,0.002309402721506649,0.0008180444148816586,0.0020898958951240227,0.0016063906025268508,0.0013425997256968033,0.0019929784013168607,0.0011357676957057096,0.0017512159868807709,0.0009595514998798139,0.0015907332766037247
